{
  "project_info": {
    "project_number": "412284989341",
    "project_id": "login-6d0ad",
    "storage_bucket": "login-6d0ad.appspot.com"
  },
  "client": [
    {
      "client_info": {
        "mobilesdk_app_id": "1:412284989341:android:0a5c32c06506a5cf544974",
        "android_client_info": {
          "package_name": "com.example.firebaseexample"
        }
      },
      "oauth_client": [
        {
          "client_id": "412284989341-gprgc0crukiep0j13rdp4iumbqvnjp4p.apps.googleusercontent.com",
          "client_type": 3
        }
      ],
      "api_key": [
        {
          "current_key": "AIzaSyCh8n05LpoN5x0r3rsNoO8fL8pcbLvbveo"
        }
      ],
      "services": {
        "appinvite_service": {
          "other_platform_oauth_client": [
            {
              "client_id": "412284989341-aqvnofjveqc5db3jj29rjq6864iuq6ce.apps.googleusercontent.com",
              "client_type": 3
            }
          ]
        }
      }
    }
  ],
  "configuration_version": "1"
}